,AIM_Chat.pcap
0,"['10.152.152.11', 49655, '5.9.28.6', 5222]"
1,"['5.9.28.6', 5222, '10.152.152.11', 49655]"
2,"['5.9.28.6', 5222, '10.152.152.11', 49655]"
3,"['10.152.152.11', 49655, '5.9.28.6', 5222]"
4,"['xx.xx.xx.xx', 'xxxx', 'xx.xx.xx.xx', 'xxxx']"
5,"['xx.xx.xx.xx', 'xxxx', 'xx.xx.xx.xx', 'xxxx']"
6,"['10.152.152.11', 49655, '5.9.28.6', 5222]"
7,"['5.9.28.6', 5222, '10.152.152.11', 49655]"
8,"['5.9.28.6', 5222, '10.152.152.11', 49655]"
9,"['10.152.152.11', 49655, '5.9.28.6', 5222]"
10,"['5.9.28.6', 5222, '10.152.152.11', 49655]"
11,"['10.152.152.11', 49655, '5.9.28.6', 5222]"
12,"['5.9.28.6', 5222, '10.152.152.11', 49655]"
13,"['10.152.152.11', 49655, '5.9.28.6', 5222]"
14,"['10.152.152.11', 49655, '5.9.28.6', 5222]"
15,"['10.152.152.11', 49655, '5.9.28.6', 5222]"
16,"['5.9.28.6', 5222, '10.152.152.11', 49655]"
17,"['5.9.28.6', 5222, '10.152.152.11', 49655]"
18,"['5.9.28.6', 5222, '10.152.152.11', 49655]"
19,"['10.152.152.11', 49655, '5.9.28.6', 5222]"
20,"['5.9.28.6', 5222, '10.152.152.11', 49655]"
21,"['10.152.152.11', 49655, '5.9.28.6', 5222]"
22,"['5.9.28.6', 5222, '10.152.152.11', 49655]"
23,"['10.152.152.11', 49655, '5.9.28.6', 5222]"
24,"['5.9.28.6', 5222, '10.152.152.11', 49655]"
25,"['10.152.152.11', 49655, '5.9.28.6', 5222]"
26,"['10.152.152.11', 49655, '5.9.28.6', 5222]"
27,"['5.9.28.6', 5222, '10.152.152.11', 49655]"
28,"['5.9.28.6', 5222, '10.152.152.11', 49655]"
29,"['10.152.152.11', 49655, '5.9.28.6', 5222]"
30,"['5.9.28.6', 5222, '10.152.152.11', 49655]"
31,"['10.152.152.11', 49655, '5.9.28.6', 5222]"
32,"['5.9.28.6', 5222, '10.152.152.11', 49655]"
33,"['10.152.152.11', 49655, '5.9.28.6', 5222]"
34,"['5.9.28.6', 5222, '10.152.152.11', 49655]"
35,"['10.152.152.11', 49655, '5.9.28.6', 5222]"
36,"['10.152.152.11', 49655, '5.9.28.6', 5222]"
37,"['10.152.152.11', 49655, '5.9.28.6', 5222]"
38,"['10.152.152.11', 49655, '5.9.28.6', 5222]"
39,"['10.152.152.11', 49655, '5.9.28.6', 5222]"
40,"['5.9.28.6', 5222, '10.152.152.11', 49655]"
41,"['5.9.28.6', 5222, '10.152.152.11', 49655]"
42,"['5.9.28.6', 5222, '10.152.152.11', 49655]"
43,"['5.9.28.6', 5222, '10.152.152.11', 49655]"
44,"['10.152.152.11', 49655, '5.9.28.6', 5222]"
45,"['5.9.28.6', 5222, '10.152.152.11', 49655]"
46,"['5.9.28.6', 5222, '10.152.152.11', 49655]"
47,"['10.152.152.11', 49655, '5.9.28.6', 5222]"
48,"['5.9.28.6', 5222, '10.152.152.11', 49655]"
49,"['10.152.152.11', 49655, '5.9.28.6', 5222]"
50,"['10.152.152.11', 49655, '5.9.28.6', 5222]"
51,"['10.152.152.11', 49655, '5.9.28.6', 5222]"
52,"['10.152.152.11', 49655, '5.9.28.6', 5222]"
53,"['5.9.28.6', 5222, '10.152.152.11', 49655]"
54,"['5.9.28.6', 5222, '10.152.152.11', 49655]"
55,"['5.9.28.6', 5222, '10.152.152.11', 49655]"
56,"['10.152.152.11', 49655, '5.9.28.6', 5222]"
57,"['10.152.152.11', 49655, '5.9.28.6', 5222]"
58,"['5.9.28.6', 5222, '10.152.152.11', 49655]"
59,"['5.9.28.6', 5222, '10.152.152.11', 49655]"
60,"['5.9.28.6', 5222, '10.152.152.11', 49655]"
61,"['10.152.152.11', 49655, '5.9.28.6', 5222]"
62,"['5.9.28.6', 5222, '10.152.152.11', 49655]"
63,"['10.152.152.11', 49655, '5.9.28.6', 5222]"
64,"['10.152.152.11', 49655, '5.9.28.6', 5222]"
65,"['10.152.152.11', 49655, '5.9.28.6', 5222]"
66,"['5.9.28.6', 5222, '10.152.152.11', 49655]"
67,"['5.9.28.6', 5222, '10.152.152.11', 49655]"
68,"['10.152.152.11', 49655, '5.9.28.6', 5222]"
69,"['10.152.152.11', 49655, '5.9.28.6', 5222]"
70,"['5.9.28.6', 5222, '10.152.152.11', 49655]"
71,"['5.9.28.6', 5222, '10.152.152.11', 49655]"
72,"['10.152.152.11', 49655, '5.9.28.6', 5222]"
73,"['5.9.28.6', 5222, '10.152.152.11', 49655]"
74,"['5.9.28.6', 5222, '10.152.152.11', 49655]"
75,"['10.152.152.11', 49655, '5.9.28.6', 5222]"
76,"['5.9.28.6', 5222, '10.152.152.11', 49655]"
77,"['10.152.152.11', 49655, '5.9.28.6', 5222]"
78,"['5.9.28.6', 5222, '10.152.152.11', 49655]"
79,"['10.152.152.11', 49655, '5.9.28.6', 5222]"
80,"['5.9.28.6', 5222, '10.152.152.11', 49655]"
81,"['10.152.152.11', 49655, '5.9.28.6', 5222]"
82,"['10.152.152.11', 49655, '5.9.28.6', 5222]"
83,"['10.152.152.11', 49655, '5.9.28.6', 5222]"
84,"['5.9.28.6', 5222, '10.152.152.11', 49655]"
85,"['5.9.28.6', 5222, '10.152.152.11', 49655]"
86,"['10.152.152.11', 49655, '5.9.28.6', 5222]"
87,"['10.152.152.11', 49655, '5.9.28.6', 5222]"
88,"['5.9.28.6', 5222, '10.152.152.11', 49655]"
89,"['10.152.152.11', 49655, '5.9.28.6', 5222]"
90,"['5.9.28.6', 5222, '10.152.152.11', 49655]"
91,"['5.9.28.6', 5222, '10.152.152.11', 49655]"
92,"['5.9.28.6', 5222, '10.152.152.11', 49655]"
93,"['10.152.152.11', 49655, '5.9.28.6', 5222]"
94,"['5.9.28.6', 5222, '10.152.152.11', 49655]"
95,"['10.152.152.11', 49655, '5.9.28.6', 5222]"
96,"['5.9.28.6', 5222, '10.152.152.11', 49655]"
97,"['10.152.152.11', 49655, '5.9.28.6', 5222]"
98,"['5.9.28.6', 5222, '10.152.152.11', 49655]"
99,"['10.152.152.11', 49655, '5.9.28.6', 5222]"
100,"['10.152.152.11', 49655, '5.9.28.6', 5222]"
101,"['10.152.152.11', 49655, '5.9.28.6', 5222]"
102,"['10.152.152.11', 49655, '5.9.28.6', 5222]"
103,"['5.9.28.6', 5222, '10.152.152.11', 49655]"
104,"['5.9.28.6', 5222, '10.152.152.11', 49655]"
105,"['5.9.28.6', 5222, '10.152.152.11', 49655]"
106,"['10.152.152.11', 49655, '5.9.28.6', 5222]"
107,"['10.152.152.11', 49655, '5.9.28.6', 5222]"
108,"['5.9.28.6', 5222, '10.152.152.11', 49655]"
109,"['5.9.28.6', 5222, '10.152.152.11', 49655]"
110,"['5.9.28.6', 5222, '10.152.152.11', 49655]"
111,"['10.152.152.11', 49655, '5.9.28.6', 5222]"
112,"['5.9.28.6', 5222, '10.152.152.11', 49655]"
113,"['10.152.152.11', 49655, '5.9.28.6', 5222]"
114,"['5.9.28.6', 5222, '10.152.152.11', 49655]"
115,"['10.152.152.11', 49655, '5.9.28.6', 5222]"
116,"['5.9.28.6', 5222, '10.152.152.11', 49655]"
117,"['10.152.152.11', 49655, '5.9.28.6', 5222]"
118,"['10.152.152.11', 49655, '5.9.28.6', 5222]"
119,"['10.152.152.11', 49655, '5.9.28.6', 5222]"
120,"['5.9.28.6', 5222, '10.152.152.11', 49655]"
121,"['5.9.28.6', 5222, '10.152.152.11', 49655]"
122,"['10.152.152.11', 49655, '5.9.28.6', 5222]"
123,"['10.152.152.11', 49655, '5.9.28.6', 5222]"
124,"['5.9.28.6', 5222, '10.152.152.11', 49655]"
125,"['5.9.28.6', 5222, '10.152.152.11', 49655]"
126,"['10.152.152.11', 49655, '5.9.28.6', 5222]"
127,"['5.9.28.6', 5222, '10.152.152.11', 49655]"
128,"['10.152.152.11', 49655, '5.9.28.6', 5222]"
129,"['5.9.28.6', 5222, '10.152.152.11', 49655]"
130,"['10.152.152.11', 49655, '5.9.28.6', 5222]"
131,"['5.9.28.6', 5222, '10.152.152.11', 49655]"
132,"['5.9.28.6', 5222, '10.152.152.11', 49655]"
133,"['10.152.152.11', 49655, '5.9.28.6', 5222]"
134,"['5.9.28.6', 5222, '10.152.152.11', 49655]"
135,"['10.152.152.11', 49655, '5.9.28.6', 5222]"
136,"['5.9.28.6', 5222, '10.152.152.11', 49655]"
137,"['10.152.152.11', 49655, '5.9.28.6', 5222]"
138,"['5.9.28.6', 5222, '10.152.152.11', 49655]"
139,"['10.152.152.11', 49655, '5.9.28.6', 5222]"
140,"['10.152.152.11', 49655, '5.9.28.6', 5222]"
141,"['10.152.152.11', 49655, '5.9.28.6', 5222]"
142,"['10.152.152.11', 49655, '5.9.28.6', 5222]"
143,"['10.152.152.11', 49655, '5.9.28.6', 5222]"
144,"['10.152.152.11', 49655, '5.9.28.6', 5222]"
145,"['5.9.28.6', 5222, '10.152.152.11', 49655]"
146,"['5.9.28.6', 5222, '10.152.152.11', 49655]"
147,"['5.9.28.6', 5222, '10.152.152.11', 49655]"
148,"['5.9.28.6', 5222, '10.152.152.11', 49655]"
149,"['5.9.28.6', 5222, '10.152.152.11', 49655]"
150,"['5.9.28.6', 5222, '10.152.152.11', 49655]"
151,"['10.152.152.11', 49655, '5.9.28.6', 5222]"
152,"['5.9.28.6', 5222, '10.152.152.11', 49655]"
153,"['10.152.152.11', 49655, '5.9.28.6', 5222]"
154,"['5.9.28.6', 5222, '10.152.152.11', 49655]"
155,"['10.152.152.11', 49655, '5.9.28.6', 5222]"
156,"['5.9.28.6', 5222, '10.152.152.11', 49655]"
157,"['10.152.152.11', 49655, '5.9.28.6', 5222]"
158,"['10.152.152.11', 49655, '5.9.28.6', 5222]"
159,"['10.152.152.11', 49655, '5.9.28.6', 5222]"
160,"['10.152.152.11', 49655, '5.9.28.6', 5222]"
161,"['10.152.152.11', 49655, '5.9.28.6', 5222]"
162,"['5.9.28.6', 5222, '10.152.152.11', 49655]"
163,"['5.9.28.6', 5222, '10.152.152.11', 49655]"
164,"['5.9.28.6', 5222, '10.152.152.11', 49655]"
165,"['5.9.28.6', 5222, '10.152.152.11', 49655]"
166,"['5.9.28.6', 5222, '10.152.152.11', 49655]"
167,"['10.152.152.11', 49655, '5.9.28.6', 5222]"
168,"['5.9.28.6', 5222, '10.152.152.11', 49655]"
169,"['10.152.152.11', 49655, '5.9.28.6', 5222]"
170,"['5.9.28.6', 5222, '10.152.152.11', 49655]"
171,"['10.152.152.11', 49655, '5.9.28.6', 5222]"
172,"['5.9.28.6', 5222, '10.152.152.11', 49655]"
173,"['10.152.152.11', 49655, '5.9.28.6', 5222]"
174,"['10.152.152.11', 49655, '5.9.28.6', 5222]"
175,"['10.152.152.11', 49655, '5.9.28.6', 5222]"
176,"['10.152.152.11', 49655, '5.9.28.6', 5222]"
177,"['10.152.152.11', 49655, '5.9.28.6', 5222]"
178,"['5.9.28.6', 5222, '10.152.152.11', 49655]"
179,"['5.9.28.6', 5222, '10.152.152.11', 49655]"
180,"['5.9.28.6', 5222, '10.152.152.11', 49655]"
181,"['5.9.28.6', 5222, '10.152.152.11', 49655]"
182,"['5.9.28.6', 5222, '10.152.152.11', 49655]"
183,"['10.152.152.11', 49655, '5.9.28.6', 5222]"
184,"['5.9.28.6', 5222, '10.152.152.11', 49655]"
185,"['10.152.152.11', 49655, '5.9.28.6', 5222]"
186,"['5.9.28.6', 5222, '10.152.152.11', 49655]"
187,"['10.152.152.11', 49655, '5.9.28.6', 5222]"
188,"['5.9.28.6', 5222, '10.152.152.11', 49655]"
189,"['10.152.152.11', 49655, '5.9.28.6', 5222]"
190,"['10.152.152.11', 49655, '5.9.28.6', 5222]"
191,"['10.152.152.11', 49655, '5.9.28.6', 5222]"
192,"['10.152.152.11', 49655, '5.9.28.6', 5222]"
193,"['10.152.152.11', 49655, '5.9.28.6', 5222]"
194,"['10.152.152.11', 49655, '5.9.28.6', 5222]"
195,"['5.9.28.6', 5222, '10.152.152.11', 49655]"
196,"['5.9.28.6', 5222, '10.152.152.11', 49655]"
197,"['5.9.28.6', 5222, '10.152.152.11', 49655]"
198,"['5.9.28.6', 5222, '10.152.152.11', 49655]"
199,"['5.9.28.6', 5222, '10.152.152.11', 49655]"
200,"['5.9.28.6', 5222, '10.152.152.11', 49655]"
201,"['10.152.152.11', 49655, '5.9.28.6', 5222]"
202,"['5.9.28.6', 5222, '10.152.152.11', 49655]"
203,"['10.152.152.11', 49655, '5.9.28.6', 5222]"
204,"['5.9.28.6', 5222, '10.152.152.11', 49655]"
205,"['10.152.152.11', 49655, '5.9.28.6', 5222]"
206,"['5.9.28.6', 5222, '10.152.152.11', 49655]"
207,"['10.152.152.11', 49655, '5.9.28.6', 5222]"
208,"['10.152.152.11', 49655, '5.9.28.6', 5222]"
209,"['10.152.152.11', 49655, '5.9.28.6', 5222]"
210,"['10.152.152.11', 49655, '5.9.28.6', 5222]"
211,"['10.152.152.11', 49655, '5.9.28.6', 5222]"
212,"['10.152.152.11', 49655, '5.9.28.6', 5222]"
213,"['5.9.28.6', 5222, '10.152.152.11', 49655]"
214,"['5.9.28.6', 5222, '10.152.152.11', 49655]"
215,"['5.9.28.6', 5222, '10.152.152.11', 49655]"
216,"['5.9.28.6', 5222, '10.152.152.11', 49655]"
217,"['5.9.28.6', 5222, '10.152.152.11', 49655]"
218,"['5.9.28.6', 5222, '10.152.152.11', 49655]"
219,"['10.152.152.11', 49655, '5.9.28.6', 5222]"
220,"['5.9.28.6', 5222, '10.152.152.11', 49655]"
221,"['10.152.152.11', 49655, '5.9.28.6', 5222]"
222,"['5.9.28.6', 5222, '10.152.152.11', 49655]"
223,"['10.152.152.11', 49655, '5.9.28.6', 5222]"
224,"['5.9.28.6', 5222, '10.152.152.11', 49655]"
225,"['10.152.152.11', 49655, '5.9.28.6', 5222]"
226,"['10.152.152.11', 49655, '5.9.28.6', 5222]"
227,"['10.152.152.11', 49655, '5.9.28.6', 5222]"
228,"['10.152.152.11', 49655, '5.9.28.6', 5222]"
229,"['5.9.28.6', 5222, '10.152.152.11', 49655]"
230,"['5.9.28.6', 5222, '10.152.152.11', 49655]"
231,"['5.9.28.6', 5222, '10.152.152.11', 49655]"
232,"['10.152.152.11', 49655, '5.9.28.6', 5222]"
233,"['10.152.152.11', 49655, '5.9.28.6', 5222]"
234,"['5.9.28.6', 5222, '10.152.152.11', 49655]"
235,"['5.9.28.6', 5222, '10.152.152.11', 49655]"
236,"['5.9.28.6', 5222, '10.152.152.11', 49655]"
237,"['10.152.152.11', 49655, '5.9.28.6', 5222]"
238,"['5.9.28.6', 5222, '10.152.152.11', 49655]"
239,"['10.152.152.11', 49655, '5.9.28.6', 5222]"
240,"['5.9.28.6', 5222, '10.152.152.11', 49655]"
241,"['10.152.152.11', 49655, '5.9.28.6', 5222]"
242,"['5.9.28.6', 5222, '10.152.152.11', 49655]"
243,"['10.152.152.11', 49655, '5.9.28.6', 5222]"
244,"['10.152.152.11', 49655, '5.9.28.6', 5222]"
245,"['10.152.152.11', 49655, '5.9.28.6', 5222]"
246,"['10.152.152.11', 49655, '5.9.28.6', 5222]"
247,"['5.9.28.6', 5222, '10.152.152.11', 49655]"
248,"['5.9.28.6', 5222, '10.152.152.11', 49655]"
249,"['5.9.28.6', 5222, '10.152.152.11', 49655]"
250,"['10.152.152.11', 49655, '5.9.28.6', 5222]"
251,"['10.152.152.11', 49655, '5.9.28.6', 5222]"
252,"['5.9.28.6', 5222, '10.152.152.11', 49655]"
253,"['10.152.152.11', 49655, '5.9.28.6', 5222]"
254,"['5.9.28.6', 5222, '10.152.152.11', 49655]"
255,"['5.9.28.6', 5222, '10.152.152.11', 49655]"
256,"['5.9.28.6', 5222, '10.152.152.11', 49655]"
257,"['10.152.152.11', 49655, '5.9.28.6', 5222]"
258,"['5.9.28.6', 5222, '10.152.152.11', 49655]"
259,"['10.152.152.11', 49655, '5.9.28.6', 5222]"
260,"['5.9.28.6', 5222, '10.152.152.11', 49655]"
261,"['10.152.152.11', 49655, '5.9.28.6', 5222]"
262,"['5.9.28.6', 5222, '10.152.152.11', 49655]"
263,"['10.152.152.11', 49655, '5.9.28.6', 5222]"
264,"['10.152.152.11', 49655, '5.9.28.6', 5222]"
265,"['10.152.152.11', 49655, '5.9.28.6', 5222]"
266,"['10.152.152.11', 49655, '5.9.28.6', 5222]"
267,"['5.9.28.6', 5222, '10.152.152.11', 49655]"
268,"['5.9.28.6', 5222, '10.152.152.11', 49655]"
269,"['5.9.28.6', 5222, '10.152.152.11', 49655]"
270,"['10.152.152.11', 49655, '5.9.28.6', 5222]"
271,"['10.152.152.11', 49655, '5.9.28.6', 5222]"
272,"['5.9.28.6', 5222, '10.152.152.11', 49655]"
273,"['5.9.28.6', 5222, '10.152.152.11', 49655]"
274,"['10.152.152.11', 49655, '5.9.28.6', 5222]"
275,"['5.9.28.6', 5222, '10.152.152.11', 49655]"
276,"['5.9.28.6', 5222, '10.152.152.11', 49655]"
277,"['10.152.152.11', 49655, '5.9.28.6', 5222]"
278,"['5.9.28.6', 5222, '10.152.152.11', 49655]"
279,"['10.152.152.11', 49655, '5.9.28.6', 5222]"
280,"['5.9.28.6', 5222, '10.152.152.11', 49655]"
281,"['10.152.152.11', 49655, '5.9.28.6', 5222]"
282,"['5.9.28.6', 5222, '10.152.152.11', 49655]"
283,"['10.152.152.11', 49655, '5.9.28.6', 5222]"
284,"['10.152.152.11', 49655, '5.9.28.6', 5222]"
285,"['10.152.152.11', 49655, '5.9.28.6', 5222]"
286,"['10.152.152.11', 49655, '5.9.28.6', 5222]"
287,"['10.152.152.11', 49655, '5.9.28.6', 5222]"
288,"['10.152.152.11', 49655, '5.9.28.6', 5222]"
289,"['10.152.152.11', 49655, '5.9.28.6', 5222]"
290,"['5.9.28.6', 5222, '10.152.152.11', 49655]"
291,"['5.9.28.6', 5222, '10.152.152.11', 49655]"
292,"['5.9.28.6', 5222, '10.152.152.11', 49655]"
293,"['5.9.28.6', 5222, '10.152.152.11', 49655]"
294,"['5.9.28.6', 5222, '10.152.152.11', 49655]"
295,"['5.9.28.6', 5222, '10.152.152.11', 49655]"
296,"['5.9.28.6', 5222, '10.152.152.11', 49655]"
297,"['10.152.152.11', 49655, '5.9.28.6', 5222]"
298,"['5.9.28.6', 5222, '10.152.152.11', 49655]"
299,"['10.152.152.11', 49655, '5.9.28.6', 5222]"
300,"['5.9.28.6', 5222, '10.152.152.11', 49655]"
301,"['10.152.152.11', 49655, '5.9.28.6', 5222]"
302,"['5.9.28.6', 5222, '10.152.152.11', 49655]"
303,"['10.152.152.11', 49655, '5.9.28.6', 5222]"
304,"['10.152.152.11', 49655, '5.9.28.6', 5222]"
305,"['10.152.152.11', 49655, '5.9.28.6', 5222]"
306,"['10.152.152.11', 49655, '5.9.28.6', 5222]"
307,"['10.152.152.11', 49655, '5.9.28.6', 5222]"
308,"['10.152.152.11', 49655, '5.9.28.6', 5222]"
309,"['10.152.152.11', 49655, '5.9.28.6', 5222]"
310,"['10.152.152.11', 49655, '5.9.28.6', 5222]"
311,"['5.9.28.6', 5222, '10.152.152.11', 49655]"
312,"['5.9.28.6', 5222, '10.152.152.11', 49655]"
313,"['5.9.28.6', 5222, '10.152.152.11', 49655]"
314,"['5.9.28.6', 5222, '10.152.152.11', 49655]"
315,"['5.9.28.6', 5222, '10.152.152.11', 49655]"
316,"['5.9.28.6', 5222, '10.152.152.11', 49655]"
317,"['5.9.28.6', 5222, '10.152.152.11', 49655]"
318,"['5.9.28.6', 5222, '10.152.152.11', 49655]"
319,"['10.152.152.11', 49655, '5.9.28.6', 5222]"
320,"['5.9.28.6', 5222, '10.152.152.11', 49655]"
321,"['10.152.152.11', 49655, '5.9.28.6', 5222]"
322,"['5.9.28.6', 5222, '10.152.152.11', 49655]"
323,"['10.152.152.11', 49655, '5.9.28.6', 5222]"
324,"['5.9.28.6', 5222, '10.152.152.11', 49655]"
325,"['10.152.152.11', 49655, '5.9.28.6', 5222]"
326,"['10.152.152.11', 49655, '5.9.28.6', 5222]"
327,"['10.152.152.11', 49655, '5.9.28.6', 5222]"
328,"['10.152.152.11', 49655, '5.9.28.6', 5222]"
329,"['10.152.152.11', 49655, '5.9.28.6', 5222]"
330,"['10.152.152.11', 49655, '5.9.28.6', 5222]"
331,"['10.152.152.11', 49655, '5.9.28.6', 5222]"
332,"['10.152.152.11', 49655, '5.9.28.6', 5222]"
333,"['5.9.28.6', 5222, '10.152.152.11', 49655]"
334,"['5.9.28.6', 5222, '10.152.152.11', 49655]"
335,"['5.9.28.6', 5222, '10.152.152.11', 49655]"
336,"['5.9.28.6', 5222, '10.152.152.11', 49655]"
337,"['5.9.28.6', 5222, '10.152.152.11', 49655]"
338,"['5.9.28.6', 5222, '10.152.152.11', 49655]"
339,"['5.9.28.6', 5222, '10.152.152.11', 49655]"
340,"['5.9.28.6', 5222, '10.152.152.11', 49655]"
341,"['10.152.152.11', 49655, '5.9.28.6', 5222]"
342,"['5.9.28.6', 5222, '10.152.152.11', 49655]"
343,"['10.152.152.11', 49655, '5.9.28.6', 5222]"
344,"['5.9.28.6', 5222, '10.152.152.11', 49655]"
345,"['10.152.152.11', 49655, '5.9.28.6', 5222]"
346,"['5.9.28.6', 5222, '10.152.152.11', 49655]"
347,"['10.152.152.11', 49655, '5.9.28.6', 5222]"
348,"['10.152.152.11', 49655, '5.9.28.6', 5222]"
349,"['10.152.152.11', 49655, '5.9.28.6', 5222]"
350,"['5.9.28.6', 5222, '10.152.152.11', 49655]"
351,"['5.9.28.6', 5222, '10.152.152.11', 49655]"
352,"['10.152.152.11', 49655, '5.9.28.6', 5222]"
353,"['10.152.152.11', 49655, '5.9.28.6', 5222]"
354,"['5.9.28.6', 5222, '10.152.152.11', 49655]"
355,"['5.9.28.6', 5222, '10.152.152.11', 49655]"
356,"['10.152.152.11', 49655, '5.9.28.6', 5222]"
357,"['10.152.152.11', 49655, '5.9.28.6', 5222]"
358,"['5.9.28.6', 5222, '10.152.152.11', 49655]"
359,"['5.9.28.6', 5222, '10.152.152.11', 49655]"
360,"['10.152.152.11', 49655, '5.9.28.6', 5222]"
361,"['10.152.152.11', 49655, '5.9.28.6', 5222]"
362,"['5.9.28.6', 5222, '10.152.152.11', 49655]"
363,"['5.9.28.6', 5222, '10.152.152.11', 49655]"
364,"['5.9.28.6', 5222, '10.152.152.11', 49655]"
365,"['10.152.152.11', 49655, '5.9.28.6', 5222]"
366,"['5.9.28.6', 5222, '10.152.152.11', 49655]"
367,"['10.152.152.11', 49655, '5.9.28.6', 5222]"
368,"['5.9.28.6', 5222, '10.152.152.11', 49655]"
369,"['10.152.152.11', 49655, '5.9.28.6', 5222]"
370,"['5.9.28.6', 5222, '10.152.152.11', 49655]"
371,"['10.152.152.11', 49655, '5.9.28.6', 5222]"
372,"['10.152.152.11', 49655, '5.9.28.6', 5222]"
373,"['10.152.152.11', 49655, '5.9.28.6', 5222]"
374,"['10.152.152.11', 49655, '5.9.28.6', 5222]"
375,"['5.9.28.6', 5222, '10.152.152.11', 49655]"
376,"['5.9.28.6', 5222, '10.152.152.11', 49655]"
377,"['5.9.28.6', 5222, '10.152.152.11', 49655]"
378,"['10.152.152.11', 49655, '5.9.28.6', 5222]"
379,"['10.152.152.11', 49655, '5.9.28.6', 5222]"
380,"['5.9.28.6', 5222, '10.152.152.11', 49655]"
381,"['5.9.28.6', 5222, '10.152.152.11', 49655]"
382,"['10.152.152.11', 49655, '5.9.28.6', 5222]"
383,"['10.152.152.11', 49655, '5.9.28.6', 5222]"
384,"['5.9.28.6', 5222, '10.152.152.11', 49655]"
385,"['5.9.28.6', 5222, '10.152.152.11', 49655]"
386,"['10.152.152.11', 49655, '5.9.28.6', 5222]"
387,"['5.9.28.6', 5222, '10.152.152.11', 49655]"
388,"['5.9.28.6', 5222, '10.152.152.11', 49655]"
389,"['10.152.152.11', 49655, '5.9.28.6', 5222]"
390,"['5.9.28.6', 5222, '10.152.152.11', 49655]"
391,"['10.152.152.11', 49655, '5.9.28.6', 5222]"
392,"['5.9.28.6', 5222, '10.152.152.11', 49655]"
393,"['10.152.152.11', 49655, '5.9.28.6', 5222]"
394,"['5.9.28.6', 5222, '10.152.152.11', 49655]"
395,"['10.152.152.11', 49655, '5.9.28.6', 5222]"
396,"['10.152.152.11', 49655, '5.9.28.6', 5222]"
397,"['10.152.152.11', 49655, '5.9.28.6', 5222]"
398,"['10.152.152.11', 49655, '5.9.28.6', 5222]"
399,"['5.9.28.6', 5222, '10.152.152.11', 49655]"
400,"['5.9.28.6', 5222, '10.152.152.11', 49655]"
401,"['5.9.28.6', 5222, '10.152.152.11', 49655]"
402,"['10.152.152.11', 49655, '5.9.28.6', 5222]"
403,"['10.152.152.11', 49655, '5.9.28.6', 5222]"
404,"['5.9.28.6', 5222, '10.152.152.11', 49655]"
405,"['5.9.28.6', 5222, '10.152.152.11', 49655]"
406,"['10.152.152.11', 49655, '5.9.28.6', 5222]"
407,"['10.152.152.11', 49655, '5.9.28.6', 5222]"
408,"['5.9.28.6', 5222, '10.152.152.11', 49655]"
409,"['5.9.28.6', 5222, '10.152.152.11', 49655]"
410,"['10.152.152.11', 49655, '5.9.28.6', 5222]"
411,"['5.9.28.6', 5222, '10.152.152.11', 49655]"
412,"['5.9.28.6', 5222, '10.152.152.11', 49655]"
413,"['10.152.152.11', 49655, '5.9.28.6', 5222]"
414,"['5.9.28.6', 5222, '10.152.152.11', 49655]"
415,"['10.152.152.11', 49655, '5.9.28.6', 5222]"
416,"['5.9.28.6', 5222, '10.152.152.11', 49655]"
417,"['10.152.152.11', 49655, '5.9.28.6', 5222]"
418,"['5.9.28.6', 5222, '10.152.152.11', 49655]"
419,"['10.152.152.11', 49655, '5.9.28.6', 5222]"
420,"['10.152.152.11', 49655, '5.9.28.6', 5222]"
421,"['10.152.152.11', 49655, '5.9.28.6', 5222]"
422,"['10.152.152.11', 49655, '5.9.28.6', 5222]"
423,"['10.152.152.11', 49655, '5.9.28.6', 5222]"
424,"['10.152.152.11', 49655, '5.9.28.6', 5222]"
425,"['10.152.152.11', 49655, '5.9.28.6', 5222]"
426,"['10.152.152.11', 49655, '5.9.28.6', 5222]"
427,"['10.152.152.11', 49655, '5.9.28.6', 5222]"
428,"['5.9.28.6', 5222, '10.152.152.11', 49655]"
429,"['5.9.28.6', 5222, '10.152.152.11', 49655]"
430,"['5.9.28.6', 5222, '10.152.152.11', 49655]"
431,"['5.9.28.6', 5222, '10.152.152.11', 49655]"
432,"['5.9.28.6', 5222, '10.152.152.11', 49655]"
433,"['5.9.28.6', 5222, '10.152.152.11', 49655]"
434,"['5.9.28.6', 5222, '10.152.152.11', 49655]"
435,"['5.9.28.6', 5222, '10.152.152.11', 49655]"
436,"['5.9.28.6', 5222, '10.152.152.11', 49655]"
437,"['10.152.152.11', 49655, '5.9.28.6', 5222]"
438,"['5.9.28.6', 5222, '10.152.152.11', 49655]"
439,"['10.152.152.11', 49655, '5.9.28.6', 5222]"
440,"['5.9.28.6', 5222, '10.152.152.11', 49655]"
441,"['10.152.152.11', 49655, '5.9.28.6', 5222]"
442,"['5.9.28.6', 5222, '10.152.152.11', 49655]"
443,"['10.152.152.11', 49655, '5.9.28.6', 5222]"
444,"['10.152.152.11', 49655, '5.9.28.6', 5222]"
445,"['10.152.152.11', 49655, '5.9.28.6', 5222]"
446,"['10.152.152.11', 49655, '5.9.28.6', 5222]"
447,"['10.152.152.11', 49655, '5.9.28.6', 5222]"
448,"['10.152.152.11', 49655, '5.9.28.6', 5222]"
449,"['10.152.152.11', 49655, '5.9.28.6', 5222]"
450,"['10.152.152.11', 49655, '5.9.28.6', 5222]"
451,"['10.152.152.11', 49655, '5.9.28.6', 5222]"
452,"['10.152.152.11', 49655, '5.9.28.6', 5222]"
453,"['5.9.28.6', 5222, '10.152.152.11', 49655]"
454,"['5.9.28.6', 5222, '10.152.152.11', 49655]"
455,"['5.9.28.6', 5222, '10.152.152.11', 49655]"
456,"['5.9.28.6', 5222, '10.152.152.11', 49655]"
457,"['5.9.28.6', 5222, '10.152.152.11', 49655]"
458,"['5.9.28.6', 5222, '10.152.152.11', 49655]"
459,"['5.9.28.6', 5222, '10.152.152.11', 49655]"
460,"['5.9.28.6', 5222, '10.152.152.11', 49655]"
461,"['5.9.28.6', 5222, '10.152.152.11', 49655]"
462,"['5.9.28.6', 5222, '10.152.152.11', 49655]"
463,"['10.152.152.11', 49655, '5.9.28.6', 5222]"
464,"['5.9.28.6', 5222, '10.152.152.11', 49655]"
465,"['10.152.152.11', 49655, '5.9.28.6', 5222]"
466,"['5.9.28.6', 5222, '10.152.152.11', 49655]"
467,"['10.152.152.11', 49655, '5.9.28.6', 5222]"
468,"['5.9.28.6', 5222, '10.152.152.11', 49655]"
469,"['10.152.152.11', 49655, '5.9.28.6', 5222]"
470,"['10.152.152.11', 49655, '5.9.28.6', 5222]"
471,"['10.152.152.11', 49655, '5.9.28.6', 5222]"
472,"['10.152.152.11', 49655, '5.9.28.6', 5222]"
473,"['5.9.28.6', 5222, '10.152.152.11', 49655]"
474,"['5.9.28.6', 5222, '10.152.152.11', 49655]"
475,"['5.9.28.6', 5222, '10.152.152.11', 49655]"
476,"['10.152.152.11', 49655, '5.9.28.6', 5222]"
477,"['10.152.152.11', 49655, '5.9.28.6', 5222]"
478,"['5.9.28.6', 5222, '10.152.152.11', 49655]"
479,"['5.9.28.6', 5222, '10.152.152.11', 49655]"
480,"['10.152.152.11', 49655, '5.9.28.6', 5222]"
481,"['5.9.28.6', 5222, '10.152.152.11', 49655]"
482,"['10.152.152.11', 49655, '5.9.28.6', 5222]"
483,"['5.9.28.6', 5222, '10.152.152.11', 49655]"
484,"['10.152.152.11', 49655, '5.9.28.6', 5222]"
485,"['5.9.28.6', 5222, '10.152.152.11', 49655]"
486,"['10.152.152.11', 49655, '5.9.28.6', 5222]"
487,"['5.9.28.6', 5222, '10.152.152.11', 49655]"
488,"['10.152.152.11', 49655, '5.9.28.6', 5222]"
489,"['5.9.28.6', 5222, '10.152.152.11', 49655]"
490,"['10.152.152.11', 49655, '5.9.28.6', 5222]"
491,"['5.9.28.6', 5222, '10.152.152.11', 49655]"
492,"['5.9.28.6', 5222, '10.152.152.11', 49655]"
493,"['10.152.152.11', 49655, '5.9.28.6', 5222]"
494,"['5.9.28.6', 5222, '10.152.152.11', 49655]"
495,"['10.152.152.11', 49655, '5.9.28.6', 5222]"
496,"['5.9.28.6', 5222, '10.152.152.11', 49655]"
497,"['10.152.152.11', 49655, '5.9.28.6', 5222]"
498,"['5.9.28.6', 5222, '10.152.152.11', 49655]"
499,"['10.152.152.11', 49655, '5.9.28.6', 5222]"
500,"['5.9.28.6', 5222, '10.152.152.11', 49655]"
501,"['10.152.152.11', 49655, '5.9.28.6', 5222]"
502,"['5.9.28.6', 5222, '10.152.152.11', 49655]"
503,"['10.152.152.11', 49655, '5.9.28.6', 5222]"
504,"['5.9.28.6', 5222, '10.152.152.11', 49655]"
505,"['10.152.152.11', 49655, '5.9.28.6', 5222]"
506,"['5.9.28.6', 5222, '10.152.152.11', 49655]"
507,"['10.152.152.11', 49655, '5.9.28.6', 5222]"
508,"['10.152.152.11', 49655, '5.9.28.6', 5222]"
509,"['5.9.28.6', 5222, '10.152.152.11', 49655]"
510,"['5.9.28.6', 5222, '10.152.152.11', 49655]"
511,"['10.152.152.11', 49655, '5.9.28.6', 5222]"
512,"['5.9.28.6', 5222, '10.152.152.11', 49655]"
513,"['10.152.152.11', 49655, '5.9.28.6', 5222]"
514,"['xx.xx.xx.xx', 'xxxx', 'xx.xx.xx.xx', 'xxxx']"
515,"['xx.xx.xx.xx', 'xxxx', 'xx.xx.xx.xx', 'xxxx']"
516,"['10.152.152.11', 49655, '5.9.28.6', 5222]"
517,"['5.9.28.6', 5222, '10.152.152.11', 49655]"
518,"['5.9.28.6', 5222, '10.152.152.11', 49655]"
519,"['10.152.152.11', 49655, '5.9.28.6', 5222]"
520,"['xx.xx.xx.xx', 'xxxx', 'xx.xx.xx.xx', 'xxxx']"
521,"['xx.xx.xx.xx', 'xxxx', 'xx.xx.xx.xx', 'xxxx']"
522,"['10.152.152.11', 49655, '5.9.28.6', 5222]"
523,"['5.9.28.6', 5222, '10.152.152.11', 49655]"
524,"['5.9.28.6', 5222, '10.152.152.11', 49655]"
525,"['10.152.152.11', 49655, '5.9.28.6', 5222]"
