,icqchat.pcap
0,"['10.152.152.11', 56283, '5.9.28.6', 5222]"
1,"['5.9.28.6', 5222, '10.152.152.11', 56283]"
2,"['5.9.28.6', 5222, '10.152.152.11', 56283]"
3,"['10.152.152.11', 56283, '5.9.28.6', 5222]"
4,"['xx.xx.xx.xx', 'xxxx', 'xx.xx.xx.xx', 'xxxx']"
5,"['xx.xx.xx.xx', 'xxxx', 'xx.xx.xx.xx', 'xxxx']"
6,"['10.152.152.11', 56283, '5.9.28.6', 5222]"
7,"['5.9.28.6', 5222, '10.152.152.11', 56283]"
8,"['5.9.28.6', 5222, '10.152.152.11', 56283]"
9,"['10.152.152.11', 56283, '5.9.28.6', 5222]"
10,"['5.9.28.6', 5222, '10.152.152.11', 56283]"
11,"['10.152.152.11', 56283, '5.9.28.6', 5222]"
12,"['10.152.152.11', 56283, '5.9.28.6', 5222]"
13,"['5.9.28.6', 5222, '10.152.152.11', 56283]"
14,"['5.9.28.6', 5222, '10.152.152.11', 56283]"
15,"['10.152.152.11', 56283, '5.9.28.6', 5222]"
16,"['10.152.152.11', 56283, '5.9.28.6', 5222]"
17,"['5.9.28.6', 5222, '10.152.152.11', 56283]"
18,"['5.9.28.6', 5222, '10.152.152.11', 56283]"
19,"['10.152.152.11', 56283, '5.9.28.6', 5222]"
20,"['5.9.28.6', 5222, '10.152.152.11', 56283]"
21,"['10.152.152.11', 56283, '5.9.28.6', 5222]"
22,"['5.9.28.6', 5222, '10.152.152.11', 56283]"
23,"['10.152.152.11', 56283, '5.9.28.6', 5222]"
24,"['10.152.152.11', 56283, '5.9.28.6', 5222]"
25,"['5.9.28.6', 5222, '10.152.152.11', 56283]"
26,"['5.9.28.6', 5222, '10.152.152.11', 56283]"
27,"['10.152.152.11', 56283, '5.9.28.6', 5222]"
28,"['5.9.28.6', 5222, '10.152.152.11', 56283]"
29,"['10.152.152.11', 56283, '5.9.28.6', 5222]"
30,"['10.152.152.11', 56283, '5.9.28.6', 5222]"
31,"['5.9.28.6', 5222, '10.152.152.11', 56283]"
32,"['5.9.28.6', 5222, '10.152.152.11', 56283]"
33,"['10.152.152.11', 56283, '5.9.28.6', 5222]"
34,"['10.152.152.11', 56283, '5.9.28.6', 5222]"
35,"['5.9.28.6', 5222, '10.152.152.11', 56283]"
36,"['5.9.28.6', 5222, '10.152.152.11', 56283]"
37,"['10.152.152.11', 56283, '5.9.28.6', 5222]"
38,"['5.9.28.6', 5222, '10.152.152.11', 56283]"
39,"['10.152.152.11', 56283, '5.9.28.6', 5222]"
40,"['5.9.28.6', 5222, '10.152.152.11', 56283]"
41,"['10.152.152.11', 56283, '5.9.28.6', 5222]"
42,"['10.152.152.11', 'xxxx', '10.152.152.10', 'xxxx']"
43,"['10.152.152.11', 'xxxx', '10.152.152.10', 'xxxx']"
44,"['10.152.152.11', 'xxxx', '10.152.152.10', 'xxxx']"
45,"['10.152.152.10', 'xxxx', '10.152.152.11', 'xxxx']"
46,"['10.152.152.11', 'xxxx', '10.152.152.10', 'xxxx']"
47,"['10.152.152.10', 'xxxx', '10.152.152.11', 'xxxx']"
48,"['10.152.152.11', 'xxxx', '10.152.152.10', 'xxxx']"
49,"['10.152.152.10', 'xxxx', '10.152.152.11', 'xxxx']"
50,"['10.152.152.11', 'xxxx', '10.152.152.10', 'xxxx']"
51,"['10.152.152.10', 'xxxx', '10.152.152.11', 'xxxx']"
52,"['10.152.152.11', 'xxxx', '10.152.152.10', 'xxxx']"
53,"['10.152.152.10', 'xxxx', '10.152.152.11', 'xxxx']"
54,"['10.152.152.11', 'xxxx', '10.152.152.10', 'xxxx']"
55,"['10.152.152.10', 'xxxx', '10.152.152.11', 'xxxx']"
56,"['10.152.152.11', 'xxxx', '10.152.152.10', 'xxxx']"
57,"['10.152.152.10', 'xxxx', '10.152.152.11', 'xxxx']"
58,"['10.152.152.10', 'xxxx', '10.152.152.11', 'xxxx']"
59,"['10.152.152.10', 'xxxx', '10.152.152.11', 'xxxx']"
60,"['10.152.152.11', 'xxxx', '10.152.152.10', 'xxxx']"
61,"['10.152.152.11', 52701, '173.194.40.103', 443]"
62,"['173.194.40.103', 443, '10.152.152.11', 52701]"
63,"['10.152.152.11', 52701, '173.194.40.103', 443]"
64,"['10.152.152.11', 'xxxx', '10.152.152.10', 'xxxx']"
65,"['10.152.152.11', 52701, '173.194.40.103', 443]"
66,"['173.194.40.103', 443, '10.152.152.11', 52701]"
67,"['10.152.152.11', 'xxxx', '10.152.152.10', 'xxxx']"
68,"['10.152.152.10', 'xxxx', '10.152.152.11', 'xxxx']"
69,"['173.194.40.103', 443, '10.152.152.11', 52701]"
70,"['10.152.152.11', 52701, '173.194.40.103', 443]"
71,"['10.152.152.11', 53586, '5.9.28.6', 5281]"
72,"['5.9.28.6', 5281, '10.152.152.11', 53586]"
73,"['10.152.152.11', 53586, '5.9.28.6', 5281]"
74,"['10.152.152.11', 53587, '5.9.28.6', 5281]"
75,"['5.9.28.6', 5281, '10.152.152.11', 53587]"
76,"['10.152.152.11', 53587, '5.9.28.6', 5281]"
77,"['173.194.40.103', 443, '10.152.152.11', 52701]"
78,"['10.152.152.11', 52701, '173.194.40.103', 443]"
79,"['173.194.40.103', 443, '10.152.152.11', 52701]"
80,"['10.152.152.11', 52701, '173.194.40.103', 443]"
81,"['173.194.40.103', 443, '10.152.152.11', 52701]"
82,"['10.152.152.11', 52701, '173.194.40.103', 443]"
83,"['173.194.40.103', 443, '10.152.152.11', 52701]"
84,"['10.152.152.11', 52701, '173.194.40.103', 443]"
85,"['10.152.152.11', 53586, '5.9.28.6', 5281]"
86,"['10.152.152.11', 53587, '5.9.28.6', 5281]"
87,"['5.9.28.6', 5281, '10.152.152.11', 53586]"
88,"['5.9.28.6', 5281, '10.152.152.11', 53587]"
89,"['173.194.40.103', 443, '10.152.152.11', 52701]"
90,"['10.152.152.11', 52701, '173.194.40.103', 443]"
91,"['10.152.152.11', 39226, '216.58.208.205', 443]"
92,"['216.58.208.205', 443, '10.152.152.11', 39226]"
93,"['10.152.152.11', 39226, '216.58.208.205', 443]"
94,"['10.152.152.10', 'xxxx', '10.152.152.11', 'xxxx']"
95,"['10.152.152.11', 52701, '173.194.40.103', 443]"
96,"['10.152.152.11', 51290, '216.58.211.106', 443]"
97,"['173.194.40.103', 443, '10.152.152.11', 52701]"
98,"['216.58.211.106', 443, '10.152.152.11', 51290]"
99,"['10.152.152.11', 51290, '216.58.211.106', 443]"
100,"['10.152.152.11', 39228, '216.58.208.205', 443]"
101,"['216.58.208.205', 443, '10.152.152.11', 39228]"
102,"['10.152.152.11', 39228, '216.58.208.205', 443]"
103,"['10.152.152.11', 39226, '216.58.208.205', 443]"
104,"['216.58.208.205', 443, '10.152.152.11', 39226]"
105,"['10.152.152.11', 51290, '216.58.211.106', 443]"
106,"['10.152.152.11', 39228, '216.58.208.205', 443]"
107,"['216.58.211.106', 443, '10.152.152.11', 51290]"
108,"['216.58.208.205', 443, '10.152.152.11', 39228]"
109,"['10.152.152.10', 'xxxx', '10.152.152.11', 'xxxx']"
110,"['10.152.152.11', 59838, '173.194.40.111', 443]"
111,"['173.194.40.111', 443, '10.152.152.11', 59838]"
112,"['10.152.152.11', 59838, '173.194.40.111', 443]"
113,"['10.152.152.11', 59838, '173.194.40.111', 443]"
114,"['173.194.40.111', 443, '10.152.152.11', 59838]"
115,"['173.194.40.103', 443, '10.152.152.11', 52701]"
116,"['10.152.152.11', 52701, '173.194.40.103', 443]"
117,"['216.58.208.205', 443, '10.152.152.11', 39228]"
118,"['10.152.152.11', 39228, '216.58.208.205', 443]"
119,"['216.58.208.205', 443, '10.152.152.11', 39228]"
120,"['10.152.152.11', 39228, '216.58.208.205', 443]"
121,"['216.58.208.205', 443, '10.152.152.11', 39228]"
122,"['10.152.152.11', 39228, '216.58.208.205', 443]"
123,"['216.58.208.205', 443, '10.152.152.11', 39228]"
124,"['10.152.152.11', 39228, '216.58.208.205', 443]"
125,"['216.58.208.205', 443, '10.152.152.11', 39226]"
126,"['10.152.152.11', 39226, '216.58.208.205', 443]"
127,"['216.58.208.205', 443, '10.152.152.11', 39226]"
128,"['10.152.152.11', 39226, '216.58.208.205', 443]"
129,"['216.58.208.205', 443, '10.152.152.11', 39226]"
130,"['10.152.152.11', 39226, '216.58.208.205', 443]"
131,"['10.152.152.11', 39228, '216.58.208.205', 443]"
132,"['216.58.208.205', 443, '10.152.152.11', 39228]"
133,"['10.152.152.11', 52701, '173.194.40.103', 443]"
134,"['10.152.152.11', 52701, '173.194.40.103', 443]"
135,"['173.194.40.103', 443, '10.152.152.11', 52701]"
136,"['173.194.40.103', 443, '10.152.152.11', 52701]"
137,"['10.152.152.11', 52701, '173.194.40.103', 443]"
138,"['173.194.40.103', 443, '10.152.152.11', 52701]"
139,"['216.58.208.205', 443, '10.152.152.11', 39226]"
140,"['10.152.152.11', 39226, '216.58.208.205', 443]"
141,"['216.58.211.106', 443, '10.152.152.11', 51290]"
142,"['10.152.152.11', 51290, '216.58.211.106', 443]"
143,"['10.152.152.11', 39226, '216.58.208.205', 443]"
144,"['216.58.208.205', 443, '10.152.152.11', 39226]"
145,"['216.58.211.106', 443, '10.152.152.11', 51290]"
146,"['10.152.152.11', 51290, '216.58.211.106', 443]"
147,"['216.58.211.106', 443, '10.152.152.11', 51290]"
148,"['10.152.152.11', 51290, '216.58.211.106', 443]"
149,"['216.58.211.106', 443, '10.152.152.11', 51290]"
150,"['10.152.152.11', 51290, '216.58.211.106', 443]"
151,"['10.152.152.11', 'xxxx', '10.152.152.10', 'xxxx']"
152,"['10.152.152.11', 51290, '216.58.211.106', 443]"
153,"['216.58.211.106', 443, '10.152.152.11', 51290]"
154,"['173.194.40.111', 443, '10.152.152.11', 59838]"
155,"['10.152.152.11', 59838, '173.194.40.111', 443]"
156,"['173.194.40.111', 443, '10.152.152.11', 59838]"
157,"['10.152.152.11', 59838, '173.194.40.111', 443]"
158,"['173.194.40.111', 443, '10.152.152.11', 59838]"
159,"['10.152.152.11', 59838, '173.194.40.111', 443]"
160,"['173.194.40.111', 443, '10.152.152.11', 59838]"
161,"['10.152.152.11', 59838, '173.194.40.111', 443]"
162,"['10.152.152.11', 59838, '173.194.40.111', 443]"
163,"['173.194.40.111', 443, '10.152.152.11', 59838]"
164,"['216.58.208.205', 443, '10.152.152.11', 39228]"
165,"['10.152.152.11', 39228, '216.58.208.205', 443]"
166,"['173.194.40.103', 443, '10.152.152.11', 52701]"
167,"['10.152.152.11', 52701, '173.194.40.103', 443]"
168,"['216.58.208.205', 443, '10.152.152.11', 39226]"
169,"['216.58.211.106', 443, '10.152.152.11', 51290]"
170,"['10.152.152.11', 52701, '173.194.40.103', 443]"
171,"['173.194.40.103', 443, '10.152.152.11', 52701]"
172,"['10.152.152.11', 39228, '216.58.208.205', 443]"
173,"['10.152.152.11', 39228, '216.58.208.205', 443]"
174,"['216.58.208.205', 443, '10.152.152.11', 39228]"
175,"['216.58.208.205', 443, '10.152.152.11', 39228]"
176,"['10.152.152.11', 39228, '216.58.208.205', 443]"
177,"['216.58.208.205', 443, '10.152.152.11', 39228]"
178,"['10.152.152.11', 39228, '216.58.208.205', 443]"
179,"['10.152.152.11', 51290, '216.58.211.106', 443]"
180,"['216.58.208.205', 443, '10.152.152.11', 39228]"
181,"['216.58.211.106', 443, '10.152.152.11', 51290]"
182,"['10.152.152.11', 39228, '216.58.208.205', 443]"
183,"['216.58.208.205', 443, '10.152.152.11', 39228]"
184,"['10.152.152.11', 51290, '216.58.211.106', 443]"
185,"['216.58.211.106', 443, '10.152.152.11', 51290]"
186,"['10.152.152.11', 39228, '216.58.208.205', 443]"
187,"['10.152.152.11', 51290, '216.58.211.106', 443]"
188,"['216.58.208.205', 443, '10.152.152.11', 39228]"
189,"['216.58.211.106', 443, '10.152.152.11', 51290]"
190,"['10.152.152.11', 39226, '216.58.208.205', 443]"
191,"['216.58.211.106', 443, '10.152.152.11', 51290]"
192,"['10.152.152.11', 51290, '216.58.211.106', 443]"
193,"['10.152.152.10', 'xxxx', '10.152.152.11', 'xxxx']"
194,"['173.194.40.111', 443, '10.152.152.11', 59838]"
195,"['10.152.152.11', 59838, '173.194.40.111', 443]"
196,"['10.152.152.11', 58480, '64.233.167.188', 5228]"
197,"['64.233.167.188', 5228, '10.152.152.11', 58480]"
198,"['10.152.152.11', 58480, '64.233.167.188', 5228]"
199,"['10.152.152.11', 58480, '64.233.167.188', 5228]"
200,"['64.233.167.188', 5228, '10.152.152.11', 58480]"
201,"['10.152.152.11', 59838, '173.194.40.111', 443]"
202,"['10.152.152.11', 59838, '173.194.40.111', 443]"
203,"['173.194.40.111', 443, '10.152.152.11', 59838]"
204,"['173.194.40.111', 443, '10.152.152.11', 59838]"
205,"['10.152.152.11', 59838, '173.194.40.111', 443]"
206,"['173.194.40.111', 443, '10.152.152.11', 59838]"
207,"['173.194.40.111', 443, '10.152.152.11', 59838]"
208,"['10.152.152.11', 59838, '173.194.40.111', 443]"
209,"['216.58.208.205', 443, '10.152.152.11', 39228]"
210,"['216.58.211.106', 443, '10.152.152.11', 51290]"
211,"['10.152.152.11', 51290, '216.58.211.106', 443]"
212,"['216.58.211.106', 443, '10.152.152.11', 51290]"
213,"['10.152.152.11', 51290, '216.58.211.106', 443]"
214,"['10.152.152.11', 51290, '216.58.211.106', 443]"
215,"['216.58.211.106', 443, '10.152.152.11', 51290]"
216,"['10.152.152.11', 39228, '216.58.208.205', 443]"
217,"['216.58.208.205', 443, '10.152.152.11', 39228]"
218,"['10.152.152.11', 39228, '216.58.208.205', 443]"
219,"['10.152.152.11', 39228, '216.58.208.205', 443]"
220,"['216.58.208.205', 443, '10.152.152.11', 39228]"
221,"['216.58.208.205', 443, '10.152.152.11', 39228]"
222,"['64.233.167.188', 5228, '10.152.152.11', 58480]"
223,"['10.152.152.11', 58480, '64.233.167.188', 5228]"
224,"['10.152.152.11', 39228, '216.58.208.205', 443]"
225,"['64.233.167.188', 5228, '10.152.152.11', 58480]"
226,"['10.152.152.11', 58480, '64.233.167.188', 5228]"
227,"['64.233.167.188', 5228, '10.152.152.11', 58480]"
228,"['10.152.152.11', 58480, '64.233.167.188', 5228]"
229,"['64.233.167.188', 5228, '10.152.152.11', 58480]"
230,"['10.152.152.11', 58480, '64.233.167.188', 5228]"
231,"['216.58.208.205', 443, '10.152.152.11', 39228]"
232,"['64.233.167.188', 5228, '10.152.152.11', 58480]"
233,"['10.152.152.11', 58480, '64.233.167.188', 5228]"
234,"['173.194.40.111', 443, '10.152.152.11', 59838]"
235,"['10.152.152.11', 59838, '173.194.40.111', 443]"
236,"['173.194.40.111', 443, '10.152.152.11', 59838]"
237,"['10.152.152.11', 59838, '173.194.40.111', 443]"
238,"['10.152.152.11', 59838, '173.194.40.111', 443]"
239,"['173.194.40.111', 443, '10.152.152.11', 59838]"
240,"['10.152.152.11', 41230, '173.194.40.100', 443]"
241,"['173.194.40.100', 443, '10.152.152.11', 41230]"
242,"['10.152.152.11', 41230, '173.194.40.100', 443]"
243,"['10.152.152.11', 'xxxx', '173.194.40.100', 'xxxx']"
244,"['5.9.28.6', 5281, '10.152.152.11', 53587]"
245,"['10.152.152.11', 53587, '5.9.28.6', 5281]"
246,"['10.152.152.11', 40594, '216.58.211.74', 443]"
247,"['216.58.211.74', 443, '10.152.152.11', 40594]"
248,"['10.152.152.11', 40594, '216.58.211.74', 443]"
249,"['5.9.28.6', 5281, '10.152.152.11', 53587]"
250,"['10.152.152.11', 53587, '5.9.28.6', 5281]"
251,"['5.9.28.6', 5281, '10.152.152.11', 53587]"
252,"['10.152.152.11', 53587, '5.9.28.6', 5281]"
253,"['5.9.28.6', 5281, '10.152.152.11', 53587]"
254,"['10.152.152.11', 53587, '5.9.28.6', 5281]"
255,"['5.9.28.6', 5281, '10.152.152.11', 53586]"
256,"['10.152.152.11', 53586, '5.9.28.6', 5281]"
257,"['5.9.28.6', 5281, '10.152.152.11', 53586]"
258,"['10.152.152.11', 53586, '5.9.28.6', 5281]"
259,"['5.9.28.6', 5281, '10.152.152.11', 53586]"
260,"['10.152.152.11', 53586, '5.9.28.6', 5281]"
261,"['10.152.152.11', 58480, '64.233.167.188', 5228]"
262,"['64.233.167.188', 5228, '10.152.152.11', 58480]"
263,"['10.152.152.11', 'xxxx', '173.194.40.100', 'xxxx']"
264,"['10.152.152.11', 40595, '216.58.211.74', 443]"
265,"['216.58.211.74', 443, '10.152.152.11', 40595]"
266,"['10.152.152.11', 40595, '216.58.211.74', 443]"
267,"['10.152.152.11', 'xxxx', '216.58.211.74', 'xxxx']"
268,"['10.152.152.11', 53586, '5.9.28.6', 5281]"
269,"['5.9.28.6', 5281, '10.152.152.11', 53586]"
270,"['10.152.152.11', 41230, '173.194.40.100', 443]"
271,"['173.194.40.100', 443, '10.152.152.11', 41230]"
272,"['10.152.152.11', 53587, '5.9.28.6', 5281]"
273,"['5.9.28.6', 5281, '10.152.152.11', 53587]"
274,"['10.152.152.11', 40594, '216.58.211.74', 443]"
275,"['10.152.152.11', 40595, '216.58.211.74', 443]"
276,"['216.58.211.74', 443, '10.152.152.11', 40594]"
277,"['216.58.211.74', 443, '10.152.152.11', 40595]"
278,"['10.152.152.11', 'xxxx', '216.58.211.74', 'xxxx']"
279,"['64.233.167.188', 5228, '10.152.152.11', 58480]"
280,"['10.152.152.11', 58480, '64.233.167.188', 5228]"
281,"['10.152.152.11', 'xxxx', '173.194.40.100', 'xxxx']"
282,"['10.152.152.11', 58480, '64.233.167.188', 5228]"
283,"['64.233.167.188', 5228, '10.152.152.11', 58480]"
284,"['5.9.28.6', 5281, '10.152.152.11', 53586]"
285,"['10.152.152.11', 53586, '5.9.28.6', 5281]"
286,"['173.194.40.100', 443, '10.152.152.11', 41230]"
287,"['10.152.152.11', 41230, '173.194.40.100', 443]"
288,"['10.152.152.11', 53586, '5.9.28.6', 5281]"
289,"['5.9.28.6', 5281, '10.152.152.11', 53586]"
290,"['10.152.152.11', 53586, '5.9.28.6', 5281]"
291,"['10.152.152.11', 58480, '64.233.167.188', 5228]"
292,"['64.233.167.188', 5228, '10.152.152.11', 58480]"
293,"['10.152.152.11', 58480, '64.233.167.188', 5228]"
294,"['173.194.40.100', 443, '10.152.152.11', 41230]"
295,"['10.152.152.11', 41230, '173.194.40.100', 443]"
296,"['173.194.40.100', 443, '10.152.152.11', 41230]"
297,"['10.152.152.11', 41230, '173.194.40.100', 443]"
298,"['173.194.40.100', 443, '10.152.152.11', 41230]"
299,"['10.152.152.11', 41230, '173.194.40.100', 443]"
300,"['5.9.28.6', 5281, '10.152.152.11', 53587]"
301,"['10.152.152.11', 53587, '5.9.28.6', 5281]"
302,"['216.58.211.74', 443, '10.152.152.11', 40594]"
303,"['10.152.152.11', 40594, '216.58.211.74', 443]"
304,"['10.152.152.11', 'xxxx', '216.58.211.74', 'xxxx']"
305,"['10.152.152.11', 39228, '216.58.208.205', 443]"
306,"['216.58.208.205', 443, '10.152.152.11', 39228]"
307,"['10.152.152.11', 39228, '216.58.208.205', 443]"
308,"['216.58.211.74', 443, '10.152.152.11', 40594]"
309,"['10.152.152.11', 40594, '216.58.211.74', 443]"
310,"['216.58.211.74', 443, '10.152.152.11', 40594]"
311,"['10.152.152.11', 40594, '216.58.211.74', 443]"
312,"['216.58.211.74', 443, '10.152.152.11', 40594]"
313,"['10.152.152.11', 40594, '216.58.211.74', 443]"
314,"['10.152.152.11', 41230, '173.194.40.100', 443]"
315,"['10.152.152.11', 40595, '216.58.211.74', 443]"
316,"['10.152.152.11', 53587, '5.9.28.6', 5281]"
317,"['173.194.40.100', 443, '10.152.152.11', 41230]"
318,"['10.152.152.11', 41230, '173.194.40.100', 443]"
319,"['216.58.211.74', 443, '10.152.152.11', 40595]"
320,"['10.152.152.11', 40595, '216.58.211.74', 443]"
321,"['10.152.152.11', 39226, '216.58.208.205', 443]"
322,"['5.9.28.6', 5281, '10.152.152.11', 53587]"
323,"['10.152.152.11', 53587, '5.9.28.6', 5281]"
324,"['216.58.208.205', 443, '10.152.152.11', 39226]"
325,"['10.152.152.11', 39226, '216.58.208.205', 443]"
326,"['216.58.211.74', 443, '10.152.152.11', 40594]"
327,"['10.152.152.11', 40594, '216.58.211.74', 443]"
328,"['10.152.152.11', 52701, '173.194.40.103', 443]"
329,"['173.194.40.103', 443, '10.152.152.11', 52701]"
330,"['10.152.152.11', 52701, '173.194.40.103', 443]"
331,"['10.152.152.11', 51290, '216.58.211.106', 443]"
332,"['216.58.211.106', 443, '10.152.152.11', 51290]"
333,"['10.152.152.11', 51290, '216.58.211.106', 443]"
334,"['10.152.152.11', 59838, '173.194.40.111', 443]"
335,"['173.194.40.111', 443, '10.152.152.11', 59838]"
336,"['10.152.152.11', 59838, '173.194.40.111', 443]"
337,"['10.152.152.11', 40594, '216.58.211.74', 443]"
338,"['216.58.211.74', 443, '10.152.152.11', 40594]"
339,"['10.152.152.11', 40594, '216.58.211.74', 443]"
340,"['5.9.28.6', 5222, '10.152.152.11', 56283]"
341,"['10.152.152.11', 56283, '5.9.28.6', 5222]"
342,"['5.9.28.6', 5222, '10.152.152.11', 56283]"
343,"['10.152.152.11', 56283, '5.9.28.6', 5222]"
344,"['10.152.152.11', 56283, '5.9.28.6', 5222]"
345,"['5.9.28.6', 5222, '10.152.152.11', 56283]"
346,"['5.9.28.6', 5222, '10.152.152.11', 56283]"
347,"['10.152.152.11', 56283, '5.9.28.6', 5222]"
348,"['5.9.28.6', 5222, '10.152.152.11', 56283]"
349,"['10.152.152.11', 56283, '5.9.28.6', 5222]"
350,"['10.152.152.11', 56283, '5.9.28.6', 5222]"
351,"['5.9.28.6', 5222, '10.152.152.11', 56283]"
352,"['5.9.28.6', 5222, '10.152.152.11', 56283]"
353,"['10.152.152.11', 56283, '5.9.28.6', 5222]"
354,"['5.9.28.6', 5222, '10.152.152.11', 56283]"
355,"['10.152.152.11', 56283, '5.9.28.6', 5222]"
356,"['5.9.28.6', 5222, '10.152.152.11', 56283]"
357,"['10.152.152.11', 56283, '5.9.28.6', 5222]"
358,"['10.152.152.11', 56283, '5.9.28.6', 5222]"
359,"['5.9.28.6', 5222, '10.152.152.11', 56283]"
360,"['5.9.28.6', 5222, '10.152.152.11', 56283]"
361,"['10.152.152.11', 56283, '5.9.28.6', 5222]"
362,"['5.9.28.6', 5222, '10.152.152.11', 56283]"
363,"['10.152.152.11', 56283, '5.9.28.6', 5222]"
364,"['5.9.28.6', 5222, '10.152.152.11', 56283]"
365,"['10.152.152.11', 56283, '5.9.28.6', 5222]"
366,"['10.152.152.11', 56283, '5.9.28.6', 5222]"
367,"['5.9.28.6', 5222, '10.152.152.11', 56283]"
368,"['5.9.28.6', 5222, '10.152.152.11', 56283]"
369,"['10.152.152.11', 56283, '5.9.28.6', 5222]"
370,"['5.9.28.6', 5222, '10.152.152.11', 56283]"
371,"['10.152.152.11', 56283, '5.9.28.6', 5222]"
372,"['10.152.152.11', 56283, '5.9.28.6', 5222]"
373,"['5.9.28.6', 5222, '10.152.152.11', 56283]"
374,"['5.9.28.6', 5222, '10.152.152.11', 56283]"
375,"['10.152.152.11', 56283, '5.9.28.6', 5222]"
376,"['5.9.28.6', 5222, '10.152.152.11', 56283]"
377,"['10.152.152.11', 56283, '5.9.28.6', 5222]"
378,"['5.9.28.6', 5222, '10.152.152.11', 56283]"
379,"['10.152.152.11', 56283, '5.9.28.6', 5222]"
380,"['10.152.152.11', 56283, '5.9.28.6', 5222]"
381,"['5.9.28.6', 5222, '10.152.152.11', 56283]"
382,"['5.9.28.6', 5222, '10.152.152.11', 56283]"
383,"['10.152.152.11', 56283, '5.9.28.6', 5222]"
384,"['10.152.152.11', 56283, '5.9.28.6', 5222]"
385,"['5.9.28.6', 5222, '10.152.152.11', 56283]"
386,"['5.9.28.6', 5222, '10.152.152.11', 56283]"
387,"['10.152.152.11', 56283, '5.9.28.6', 5222]"
388,"['5.9.28.6', 5222, '10.152.152.11', 56283]"
389,"['10.152.152.11', 56283, '5.9.28.6', 5222]"
390,"['5.9.28.6', 5222, '10.152.152.11', 56283]"
391,"['10.152.152.11', 56283, '5.9.28.6', 5222]"
392,"['5.9.28.6', 5222, '10.152.152.11', 56283]"
393,"['10.152.152.11', 56283, '5.9.28.6', 5222]"
394,"['5.9.28.6', 5222, '10.152.152.11', 56283]"
395,"['10.152.152.11', 56283, '5.9.28.6', 5222]"
396,"['10.152.152.11', 56283, '5.9.28.6', 5222]"
397,"['5.9.28.6', 5222, '10.152.152.11', 56283]"
398,"['5.9.28.6', 5222, '10.152.152.11', 56283]"
399,"['10.152.152.11', 56283, '5.9.28.6', 5222]"
400,"['10.152.152.11', 56283, '5.9.28.6', 5222]"
401,"['5.9.28.6', 5222, '10.152.152.11', 56283]"
402,"['5.9.28.6', 5222, '10.152.152.11', 56283]"
403,"['10.152.152.11', 56283, '5.9.28.6', 5222]"
404,"['10.152.152.11', 56283, '5.9.28.6', 5222]"
405,"['5.9.28.6', 5222, '10.152.152.11', 56283]"
406,"['5.9.28.6', 5222, '10.152.152.11', 56283]"
407,"['10.152.152.11', 56283, '5.9.28.6', 5222]"
408,"['5.9.28.6', 5222, '10.152.152.11', 56283]"
409,"['10.152.152.11', 56283, '5.9.28.6', 5222]"
410,"['10.152.152.11', 56283, '5.9.28.6', 5222]"
411,"['5.9.28.6', 5222, '10.152.152.11', 56283]"
412,"['5.9.28.6', 5222, '10.152.152.11', 56283]"
413,"['10.152.152.11', 56283, '5.9.28.6', 5222]"
414,"['5.9.28.6', 5222, '10.152.152.11', 56283]"
415,"['10.152.152.11', 56283, '5.9.28.6', 5222]"
416,"['5.9.28.6', 5222, '10.152.152.11', 56283]"
417,"['10.152.152.11', 56283, '5.9.28.6', 5222]"
418,"['5.9.28.6', 5222, '10.152.152.11', 56283]"
419,"['10.152.152.11', 56283, '5.9.28.6', 5222]"
420,"['10.152.152.11', 56283, '5.9.28.6', 5222]"
421,"['5.9.28.6', 5222, '10.152.152.11', 56283]"
422,"['5.9.28.6', 5222, '10.152.152.11', 56283]"
423,"['10.152.152.11', 56283, '5.9.28.6', 5222]"
424,"['10.152.152.11', 56283, '5.9.28.6', 5222]"
425,"['5.9.28.6', 5222, '10.152.152.11', 56283]"
426,"['5.9.28.6', 5222, '10.152.152.11', 56283]"
427,"['10.152.152.11', 56283, '5.9.28.6', 5222]"
428,"['5.9.28.6', 5222, '10.152.152.11', 56283]"
429,"['10.152.152.11', 56283, '5.9.28.6', 5222]"
430,"['5.9.28.6', 5222, '10.152.152.11', 56283]"
431,"['10.152.152.11', 56283, '5.9.28.6', 5222]"
432,"['10.152.152.11', 56283, '5.9.28.6', 5222]"
433,"['5.9.28.6', 5222, '10.152.152.11', 56283]"
434,"['5.9.28.6', 5222, '10.152.152.11', 56283]"
435,"['10.152.152.11', 56283, '5.9.28.6', 5222]"
436,"['5.9.28.6', 5222, '10.152.152.11', 56283]"
437,"['10.152.152.11', 56283, '5.9.28.6', 5222]"
438,"['5.9.28.6', 5222, '10.152.152.11', 56283]"
439,"['10.152.152.11', 56283, '5.9.28.6', 5222]"
440,"['10.152.152.11', 56283, '5.9.28.6', 5222]"
441,"['5.9.28.6', 5222, '10.152.152.11', 56283]"
442,"['5.9.28.6', 5222, '10.152.152.11', 56283]"
443,"['10.152.152.11', 56283, '5.9.28.6', 5222]"
444,"['5.9.28.6', 5222, '10.152.152.11', 56283]"
445,"['10.152.152.11', 56283, '5.9.28.6', 5222]"
446,"['5.9.28.6', 5222, '10.152.152.11', 56283]"
447,"['10.152.152.11', 56283, '5.9.28.6', 5222]"
448,"['10.152.152.11', 56283, '5.9.28.6', 5222]"
449,"['5.9.28.6', 5222, '10.152.152.11', 56283]"
450,"['5.9.28.6', 5222, '10.152.152.11', 56283]"
451,"['10.152.152.11', 56283, '5.9.28.6', 5222]"
452,"['5.9.28.6', 5222, '10.152.152.11', 56283]"
453,"['10.152.152.11', 56283, '5.9.28.6', 5222]"
454,"['5.9.28.6', 5222, '10.152.152.11', 56283]"
455,"['10.152.152.11', 56283, '5.9.28.6', 5222]"
456,"['10.152.152.11', 56283, '5.9.28.6', 5222]"
457,"['5.9.28.6', 5222, '10.152.152.11', 56283]"
458,"['5.9.28.6', 5222, '10.152.152.11', 56283]"
459,"['10.152.152.11', 56283, '5.9.28.6', 5222]"
460,"['5.9.28.6', 5222, '10.152.152.11', 56283]"
461,"['10.152.152.11', 56283, '5.9.28.6', 5222]"
462,"['5.9.28.6', 5222, '10.152.152.11', 56283]"
463,"['10.152.152.11', 56283, '5.9.28.6', 5222]"
464,"['10.152.152.11', 56283, '5.9.28.6', 5222]"
465,"['5.9.28.6', 5222, '10.152.152.11', 56283]"
466,"['5.9.28.6', 5222, '10.152.152.11', 56283]"
467,"['10.152.152.11', 56283, '5.9.28.6', 5222]"
468,"['5.9.28.6', 5222, '10.152.152.11', 56283]"
469,"['10.152.152.11', 56283, '5.9.28.6', 5222]"
470,"['5.9.28.6', 5222, '10.152.152.11', 56283]"
471,"['10.152.152.11', 56283, '5.9.28.6', 5222]"
472,"['10.152.152.11', 56283, '5.9.28.6', 5222]"
473,"['5.9.28.6', 5222, '10.152.152.11', 56283]"
474,"['5.9.28.6', 5222, '10.152.152.11', 56283]"
475,"['10.152.152.11', 56283, '5.9.28.6', 5222]"
476,"['5.9.28.6', 5222, '10.152.152.11', 56283]"
477,"['10.152.152.11', 56283, '5.9.28.6', 5222]"
478,"['5.9.28.6', 5222, '10.152.152.11', 56283]"
479,"['10.152.152.11', 56283, '5.9.28.6', 5222]"
480,"['10.152.152.11', 56283, '5.9.28.6', 5222]"
481,"['5.9.28.6', 5222, '10.152.152.11', 56283]"
482,"['5.9.28.6', 5222, '10.152.152.11', 56283]"
483,"['10.152.152.11', 56283, '5.9.28.6', 5222]"
484,"['5.9.28.6', 5222, '10.152.152.11', 56283]"
485,"['10.152.152.11', 56283, '5.9.28.6', 5222]"
486,"['5.9.28.6', 5222, '10.152.152.11', 56283]"
487,"['10.152.152.11', 56283, '5.9.28.6', 5222]"
488,"['10.152.152.11', 56283, '5.9.28.6', 5222]"
489,"['5.9.28.6', 5222, '10.152.152.11', 56283]"
490,"['5.9.28.6', 5222, '10.152.152.11', 56283]"
491,"['10.152.152.11', 56283, '5.9.28.6', 5222]"
492,"['5.9.28.6', 5222, '10.152.152.11', 56283]"
493,"['10.152.152.11', 56283, '5.9.28.6', 5222]"
494,"['5.9.28.6', 5222, '10.152.152.11', 56283]"
495,"['10.152.152.11', 56283, '5.9.28.6', 5222]"
496,"['10.152.152.11', 56283, '5.9.28.6', 5222]"
497,"['5.9.28.6', 5222, '10.152.152.11', 56283]"
498,"['5.9.28.6', 5222, '10.152.152.11', 56283]"
499,"['10.152.152.11', 56283, '5.9.28.6', 5222]"
500,"['5.9.28.6', 5222, '10.152.152.11', 56283]"
501,"['10.152.152.11', 56283, '5.9.28.6', 5222]"
502,"['5.9.28.6', 5222, '10.152.152.11', 56283]"
503,"['10.152.152.11', 56283, '5.9.28.6', 5222]"
504,"['5.9.28.6', 5222, '10.152.152.11', 56283]"
505,"['10.152.152.11', 56283, '5.9.28.6', 5222]"
506,"['10.152.152.11', 56283, '5.9.28.6', 5222]"
507,"['5.9.28.6', 5222, '10.152.152.11', 56283]"
508,"['5.9.28.6', 5222, '10.152.152.11', 56283]"
509,"['10.152.152.11', 56283, '5.9.28.6', 5222]"
510,"['5.9.28.6', 5222, '10.152.152.11', 56283]"
511,"['10.152.152.11', 56283, '5.9.28.6', 5222]"
512,"['5.9.28.6', 5222, '10.152.152.11', 56283]"
513,"['10.152.152.11', 56283, '5.9.28.6', 5222]"
514,"['10.152.152.11', 56283, '5.9.28.6', 5222]"
515,"['5.9.28.6', 5222, '10.152.152.11', 56283]"
516,"['5.9.28.6', 5222, '10.152.152.11', 56283]"
517,"['10.152.152.11', 56283, '5.9.28.6', 5222]"
518,"['5.9.28.6', 5222, '10.152.152.11', 56283]"
519,"['10.152.152.11', 56283, '5.9.28.6', 5222]"
520,"['10.152.152.11', 56283, '5.9.28.6', 5222]"
521,"['5.9.28.6', 5222, '10.152.152.11', 56283]"
522,"['5.9.28.6', 5222, '10.152.152.11', 56283]"
523,"['10.152.152.11', 56283, '5.9.28.6', 5222]"
524,"['xx.xx.xx.xx', 'xxxx', 'xx.xx.xx.xx', 'xxxx']"
525,"['xx.xx.xx.xx', 'xxxx', 'xx.xx.xx.xx', 'xxxx']"
526,"['10.152.152.11', 56283, '5.9.28.6', 5222]"
527,"['5.9.28.6', 5222, '10.152.152.11', 56283]"
528,"['5.9.28.6', 5222, '10.152.152.11', 56283]"
529,"['10.152.152.11', 56283, '5.9.28.6', 5222]"
530,"['xx.xx.xx.xx', 'xxxx', 'xx.xx.xx.xx', 'xxxx']"
531,"['xx.xx.xx.xx', 'xxxx', 'xx.xx.xx.xx', 'xxxx']"
